id	en	fr
notifications/add-url/manually/badly-formed	One of the urls does not respect the correct format.	L'une des URL ne respecte pas le format correct.
notifications/index/credentials-error	Google informs us that your identification keys are wrong. Please change them.	Google nous informe que vos cl√©s d'identification sont fausses. S'il vous pla√Æt changez-les.
notifications/index/quota-exceed	You have exceeded the daily quota of 200 indexed urls. Please try again tomorrow.	Vous avez d√©pass√© le quota quotidien de 200 URL index√©es. Veuillez r√©essayer demain.
notifications/indexation/success	All pages have been submitted and successfully indexed!	Toutes les pages ont √©t√© soumises et index√©es avec succ√®s!
notifications/websites/credentials/owner-error	Google informs us that you are not the owner of the site you wish to use. If this is an error, please follow our instructions.	Google nous informe que vous n'√™tes pas le propri√©taire du site que vous souhaitez utiliser. S'il s'agit d'une erreur, veuillez suivre nos instructions.
notifications/websites/credentials/login-required	Google informs us that your identification keys are wrong. Please change them.	Google nous informe que vos cl√©s d'identification sont fausses. S'il vous pla√Æt changez-les.
notifications/websites/check/not-found	It seems that the site you want to use does not exist. Please check the url you submitted.	Il semble que le site que vous souhaitez utiliser n'existe pas. Veuillez v√©rifier l'URL que vous avez soumise.
notifications/success	Congratulations!	Toutes nos f√©licitations!
notifications/error	An error has occurred	Une erreur est survenue
websites/success/update	Congratulations, the project has been updated!	F√©licitations, le projet a √©t√© mis √† jour!
websites/success/create	Congratulations, the project has been created!	F√©licitations, le projet a √©t√© cr√©√©!
pages/title	Pages to index	Les pages √† indexer
pages/filter/placeholder	Filter by name	Filter par nom
pages/actions/add-pages	Add pages	Ajouter des pages
pages/actions/submit	Start indexation	Lancer l'indexation
pages/add-pages-modal/title	Add pages to be indexed	Ajouter des pages √† indexer
pages/add-pages-modal/description	To add pages to be indexed, please add the urls in the tag below. The urls must be separated by a line break.	Pour ajouter des pages √† indexer, veuillez ajouter, dans la balise ci-dessous les urls. Les urls doivent √™tre s√©par√©es par un saut √† la ligne.
pages/add-pages-modal/sitemap	Load pages from the sitemap	Charger les pages depuis le sitemap
pages/add-pages-modal/add	Add	Ajouter
pages/add-pages-modal/cancel	Cancel	Annuler
navigation/pages	Pages	Pages
navigation/settings	Settings	Param√®tres
navigation/change	Select another website	Changer de site web
indexation/modal/message	pages indexed	pages index√©es
index/confirm/title	Start indexing the selected pages?	Lancer l'indexation des pages s√©lectionn√©es ?
index/confirm/description	We remind you that you are limited to 200 pages per day. Once the quota is reached, an error message will appear. You will have to wait until the next day to index the pages that have not been sent.	Nous vous rappelons que vous √™tes limit√© √† 200 pages par jours. Une fois le quota atteint, un message d'erreur appara√Ætra. Il faudra attendre le lendemain pour indexer les pages qui n'auront pas √©t√© envoy√©es.
indexing/confirm/submit	Yes, start indexation	Oui, lancer l'indexation
indexing/confirm/cancel	Cancel	Annuler
navigation/dashboard	Dashboard	Accueil
pages/title	Pages of the website	Pages du site web
pages/description	This page allows you to see your pages and index them manually. You can search for pages using the form. You can also filter the pages by indexing status or with the advanced filters.	Cette page vous permet de voir vos pages et de les indexer manuellement. Vous pouvez rechercher des pages √† l'aide du formulaire. Vous pouvez √©galement filtrer les pages par √©tat d'indexation ou avec les filtres avanc√©s.
pages/filter/input/placeholder	Filter by name	Filtrer par nom
pages/filter/submit	Submit	Rechercher
pages/filter/indexed/tooltip	Show only indexed	Afficher uniquement les index√©es
pages/filter/not-indexed/tooltip	Show only not indexed	Afficher uniquement les non index√©es
pages/filter/open-all/tooltip	Open info for all	Ouvrir des informations
pages/filter/close-all/tooltip	Close info for all	Fermer des informations
pages/item/action/index	Start indexing	Commencer l'indexation
pages/item/action/see-info	See the information	Voir les informations
pages/item/action/close-info	Close the information	Fermer les informations
pages/item/action/visit	Visit the page	Visiter la page
pages/item/action/check-manually	Check manually	V√©rifier manuellement
reports/indexed/title	Indexed	Index√©es
reports/indexed/description	All pages that are indexed on Google.	Toutes les pages index√©es sur Google.
reports/indexed/percentage	{percentage}% of pages are indexed	{percentage}% des pages sont index√©s
reports/title	Reports and statistics	Rapports et statistiques
reports/description	In this page you can find different statistics about the indexing status of your site. You can also see the pages whose content has been updated recently.	Dans cette page, vous pouvez trouver diff√©rentes statistiques sur l'√©tat de l'indexation de votre site. Vous pouvez √©galement voir les pages dont le contenu a √©t√© mis √† jour r√©cemment.
reports/pages-recently/title	Pages with recently updated content	Pages dont le contenu a √©t√© mis √† jour r√©cemment
reports/pages-recently/description	We retrieve your sitemap every day and we look at the date of update of the page. Here is the list of recently updated pages. With this information, we will be able in the future to automatically index the created or modified pages.	Nous r√©cup√©rons votre sitemap tous les jours et nous regardons la date de mise √† jour de la page. Voici la liste des pages mises √† jour r√©cemment. Avec cette information, nous pourrons dans l‚Äôavenir indexer automatiquement les pages cr√©√©es ou modifi√©es.
reports/pages-recently/more	See all pages	Voir toutes les pages
reports/not-indexed/title	Not indexed	Pas index√©es
reports/not-indexed/description	All pages that are not indexed on Google.	Toutes les pages non index√©es sur Google.
reports/not-indexed/percentage	{percentage}% of pages are not indexed	{percentage}% des pages ne sont pas index√©es
pages/info/updated-at	Page updated at	Page mise √† jour le
selection/title	Select a website	S√©lection du site web
selection/description	Foudroyer automatically retrieves your sites from the Search Console. By activating a site, our system will check the indexation of your url automatically and regularly.	Foudroyer r√©cup√®re automatiquement vos sites depuis la Search Console. En activant un site, notre syst√®me v√©rifiera l'indexation de votre URL automatiquement et r√©guli√®rement.
selection/description/warning	Only sites that you own can be selected and indexed.	Seuls les sites que vous poss√©dez peuvent √™tre s√©lectionn√©s et index√©s.
selection/item/actions/activate	Activate the website	Activer le site web
selection/item/actions/select	Select	S√©lectionner
selection/no-more-google-site	You have no more sites to add from Search Console.	Vous n'avez plus aucun site √† ajouter depuis la Search Console.
selection/no-site	You don't have any website added on Google Search Console. You can't use Foudroyer with this account.	Vous n'avez aucun siteweb ajout√© sur la Search Console de Google. Vous ne pouvez pas utiliser Foudroyer avec ce compte l√†.
selection/logout	Sign in with another account	Se connecter avec un autre compte
selection/item/actions/visit	Visite the website	Visiter le site web
signin/title	Index your pages like never before	Indexez vos pages comme jamais auparavant
signin/description	Foudroyer allows you to index at lightning speed and track the tracking the indexing status of all your pages.	Foudroyer vous permet d'indexer √† la vitesse de la lumi√®re et de suivre le suivi de l'√©tat de l'indexation de toutes vos pages et bien plus encore !
signin/builder/title	Create your optimized sites in less than 5 minutes	Cr√©ez vos sites optimis√©s en moins de 5 minutes
signin/builder/description	Foudroyer allows you to create sites without worrying about optimization, maintenance, performance and SEO best practices. Focus on your content and SEO expertise, we take care of the technical stuff.	Foudroyer vous permet de cr√©er des sites sans vous occuper de l'optimisation, de la maintenance, de la performance et des bonnes pratiques SEO. Concentrez-vous sur le contenu et votre expertise SEO, on s'occupe de la technique.
signin/google	Signin with Google	Se connecter avec Google
update-sitemap/title	We need a sitemap to work	Nous avons besoin d'un sitemap pour fonctionner
update-sitemap/description	Foudroyer synchronizes with the sitemap of your site to set up a fine and fast automization. It seems that no sitemap has been added in the Search Console.	Foudroyer se synchronise avec le sitemap de votre site pour mettre en place une automisation fine et rapide. Il semblerait qu'aucun sitemap n'ait √©t√© ajout√© dans la Search Console.
update-sitemap/input/placeholder	Add here the url of a sitemap	Ajoutez ici l'url d'un sitemap
update-sitemap/submit	Submit	Sauvegarder
update-sitemap/close	Back to the selection of sites	Retour √† la s√©lection des sites
sitemap/update/not-valid	The URL of the sitemap you added does not seem valid. Check the URL again.	L'URL du sitemap que vous avez ajout√© ne semble pas valide. V√©rifiez une nouvelle fois l'URL.
sitemap/not-found	We just made a request to retrieve the sitemap but it does not seem to exist.	Nous venons de faire une requ√™te pour r√©cup√©rer le sitemap mais celui-ci ne semble pas exister.
sitemap/invalid	The sitemap you submitted does not appear to be a sitemap. The page returns something else than a sitemap.	Le sitemap que vous avez soumis ne semble pas √™tre un sitemap. La page retourne autre chose qu'un sitemap.
credentials/not-found	We could not find your credentials in the database. Please log in again to fix the problem.	Nous n'avons pas trouv√© vos identifiants dans la base de donn√©es. Veuillez vous reconnecter pour r√©gler le probl√®me.
website/search-console-domain/is-null	Your website does not appear to have a domain name affiliated with Google. If you encounter this error, please contact us directly.	Votre site web ne semble pas avoir de nom de domaine affili√© avec Google. Si vous rencontrez cette erreur, veuillez nous contacter directement.
google/auth/credentials/expired	Google informs us that your credentials have expired. Please log back into Foudroyer to renew your credentials.	Google nous informe que vos identifiants sont expir√©s. Merci de bien vouloir vous reconnecter sur Foudroyer pour renouveler ces identifiants.
google/unknown-error	Google returned an unknown error. We have received the error and we will do our best to analyze and correct it.	Google nous a retourn√© une erreur inconnue. Nous avons bien re√ßu l'erreur et nous allons tout faire pour l'analyser et la corriger.
google/auth/scope-not-found	You tried to log in without giving us the necessary rights for Foudroyer to work properly. Unfortunately, you have to accept all the rights for us to use the Google API to index your pages.	Vous avez essay√© de vous connecter sans nous octroyer les droits n√©cessaires pour le bon fonctionnement de Foudroyer. Malheureusement, vous devez accepter tous les droits pour que nous puissions utiliser l'API de Google pour indexer vos pages.
google/auth/refresh-token-error	Google informs us that your refresh token has expired. Please log back into Foudroyer to renew these credentials.	Google nous informe que vos le token de rafra√Æchissement est expir√©. Merci de bien vouloir vous reconnecter sur Foudroyer pour renouveler ces identifiants.
google/indexation/quota-exceed	Google informs us that you have exceeded the daily quota for indexing your pages. Please come back tomorrow to index 200 pages per project again. (Contact us if it is less than 200).	Google nous informe que vous avez d√©pass√© le quota quotidien pour indexer vos pages. Revenez demain pour pouvoir √† nouveau indexer 200 pages par projets. (Contactez-nous si cela fait moins de 200).
website/not-found	The website you want to display on Foudroyer does not exist. Very curious that you see this message!	Le site web que vous souhaitez afficher sur Foudroyer n'existe pas. Tr√®s curieux que vous voyiez ce message !
global/unknown-error	An unknown global error has appeared! Don't panic, we have received it in our system and will do everything to correct it!	Une erreur globale inconnue est apparue ! Pas de panique, nous l'avons bien re√ßu dans notre syst√®me et allons tout faire pour la corriger !
user/not-found	Our database says you don't exist! How is this possible?	Notre base de donn√©es dit que vous n'existez pas ! Comment est-ce possible ?
user/not-authenticated	You have to be logged in to access some pages of Foudroyer !	Vous devez √™tre connect√© pour acc√©der √† certaines pages de Foudroyer !
google/browser-closed	You just closed the authentication interface without logging in üò±	Vous venez de fermer l'interface d'authentification sans vous connecter üò±
websites/success/create	Youhouuu! The website has been successfully added to Foudroyer!	Youhouuu ! Le site web a bien √©t√© ajout√© √† Foudroyer !
websites/success/update	Good job! The website has been updated!	Bien jou√© ! Le site web est mis √† jour !
websites/sitemap/update/empty	Please, we need a sitemap to work üòû Without it, you won't be able to Foudroyer Google üòé	S'il vous pla√Æt, il nous faut un sitemap pour fonctionner üòû Sans quoi, vous ne pourrez pas Foudroyer Google üòé
websites/not-selected	Before accessing this page, you need to select a website!	Avant d'acc√©der sur cette page, il faut s√©lectionner un site web !
indexation/success	Google has received your request! If the page has just been created, Google will index this page and if it has just been updated, Google will update it on the SERP! ‚ö°Ô∏è‚ö°Ô∏è‚ö°Ô∏è‚ö°Ô∏è‚ö°Ô∏è‚ö°Ô∏è	Google a bien re√ßu votre demande ! Si la page vient d'√™tre cr√©√©e, Google indexera cette page et si elle vient d'√™tre mise √† jour, Google la mettre √† jour sur la SERP ! ‚ö°Ô∏è‚ö°Ô∏è‚ö°Ô∏è‚ö°Ô∏è‚ö°Ô∏è‚ö°Ô∏è
websites/credentials/update/empty	Please, we need an API key to work üòû Without it, you won't be able to Foudroyer Google üòé	S'il vous pla√Æt, il nous faut une cl√© d'API pour fonctionner üòû Sans quoi, vous ne pourrez pas Foudroyer Google üòé
update-credentials/title	We need Google API keys to work	Nous avons besoin de cl√©s API Google pour fonctionner
update-credentials/description	To be able to index up to 200 urls per day and per project, you must go to Google Console to create an API key. Once this key is created, paste it here. 	Pour pouvoir indexer jusqu‚Äô√† 200 URL par jours et par projets, il faut vous rendre sur Google Console pour cr√©er une cl√© d‚ÄôAPI. Une fois cette cl√© cr√©√©e, collez-la ici.
update-credentials/description/link	Follow the steps in this video to create an API key with the minimum access level.	Suivez les √©tapes de cette vid√©o pour cr√©er une cl√© d‚ÄôAPI avec le niveau d‚Äôacc√®s minimal.
update-credentials/input/placeholder	Insert the newly acquired key here	Ins√©rez ici la cl√© fra√Æchement acquise
update-credentials/input/button	Add a key	Ajouter une cl√©
google/cloud/api-key/bad_formed	The API key you provided does not seem to be correct. Please follow the steps in the video and provide the key again.	La cl√© d'API que vous nous avez fourni ne semble pas bonne. Veuillez suivre les √©tapes de la vid√©o et fournir une nouvelle fois la cl√©.
google/cloud/api-key/permission-denied	Your service account linked to the Google Cloud key does not appear to be set as the domain owner in Search Console.	Votre service account li√© √† la cl√© Google Cloud ne semble pas √™tre d√©fini comme propri√©taire du domaine dans la Search Console.
google/cloud/api-key/account-not-found	It looks like the service account linked to your Google Cloud key has been deleted.	Il semblerait que le Service Account li√© √† votre cl√© Google Cloud ait √©t√© supprim√©.
notifications/actions/validate	Change the keys	Changer les cl√©s
notifications/actions/decline	Close	Fermer
mobile/title	No mobile version üôá	Pas de version mobile üôá‚Äç‚ôÇÔ∏è
mobile/description	Foudroyer has been designed to view, analyze and index very simply and very quickly. So I haven't had the time to think about an interface as efficient on mobile. If members of the community express the need to have a mobile version, then I will develop it with great pleasure.	Foudroyer a √©t√© pens√© pour voir, analyser et indexer tr√®s simplement et tr√®s rapidement. Je n‚Äôai donc pas eu encore le temps de r√©fl√©chir √† une interface aussi efficace sur mobile. Si des membres de la communaut√© formulent le besoin d‚Äôavoir une version mobile, alors je la d√©velopperai avec grand plaisir.
pages/next	Next	Suivant
pages/previous	Previous	Pr√©c√©dent
reports/check-indexation/google/description	To see the indexing status of the site on Google, just click on the link below.	Pour voir l'√©tat d'indexation du site sur Google, il vous suffit de cliquer sur le lien ci-dessous.
reports/check-indexation/yandex/description	To see the indexing status of your site on Yandex, simply click on the link below and then click on the button to download the report. You must first create an account on Yandex and have added your site. If not, you will see a 404 error.	Pour voir l'√©tat d'indexation du site sur Yandex, il vous suffit de cliquer sur le lien ci-dessous et ensuite cliquer sur le bouton pour t√©l√©charger le rapport. Vous devez au pr√©alable cr√©er un compte sur Yandex et avoir ajout√© votre site. Auquel cas, vous verrez une erreur 404.
reports/check-indexation/bing/description	To see the indexing status of your site on Bing, simply click on the link below. You must first create an account on Bing and have added your site. If not, you will see a 404 error.	Pour voir l'√©tat d'indexation du site sur Bing, il vous suffit de cliquer sur le lien ci-dessous. Vous devez au pr√©alable cr√©er un compte sur Bing et avoir ajout√© votre site. Auquel cas, vous verrez une erreur 404.
reports/check-indexation/button	See the indexing status	Voir l'√©tat d'indexation
coming-soon/yandex/title	Want to Foudroyer Yandex?	Envie de Foudroyer Yandex?
coming-soon/yandex/description	Foudroyer is a tool I develop for the Seo community. It is free and will remain so. As it is a community tool, I created a Patreon that allows people to contribute and vote for the next features and tools that will be developed.   Why not visit the Patreon page to learn more?	Foudroyer est un outil que je d√©veloppe pour la communaut√© SEO. Il est gratuit et le restera. Comme il est communautaire, j‚Äôai cr√©√© un Patreon qui permet aux personnes de contribuer et de voter pour les prochaines fonctionnalit√©s et outils qui seront d√©velopp√©es.   Pourquoi ne pas aller visiter la page Patreon pour en savoir plus ?
coming-soon/button/ok	Close	Fermer
coming-soon/bing/title	Want to Foudroyer Bing?	Envie de Foudroyer Bing?
coming-soon/bing/description	Foudroyer is a tool I develop for the Seo community. It is free and will remain so. As it is a community tool, I created a Patreon that allows people to contribute and vote for the next features and tools that will be developed.   Why not visit the Patreon page to learn more?	Foudroyer est un outil que je d√©veloppe pour la communaut√© SEO. Il est gratuit et le restera. Comme il est communautaire, j‚Äôai cr√©√© un Patreon qui permet aux personnes de contribuer et de voter pour les prochaines fonctionnalit√©s et outils qui seront d√©velopp√©es.   Pourquoi ne pas aller visiter la page Patreon pour en savoir plus ?
coming-soon/button/patreon	Go to Patreon	Aller sur Patreon
pages/actions/bing/verify	Verify on Bing	V√©rifier sur Bing
pages/actions/yandex/verify	Verify on Yandex	V√©rifier sur Yandex
pages/actions/google/verify	Verify on Google	V√©rifier sur Google
pages/actions/bing/index	Index on Bing	Indexer sur Bing
pages/actions/yandex/index	Index on Yandex	Indexer sur Yandex
pages/actions/google/index	Index on Google	Indexer sur Google
websites/success/sync	The synchronization is finished! The new pages you have created are stored in the database and we have checked their indexing. Go to the "Pages" tab from the left navigation! üòé	La synchronisation est termin√©e ! Les nouvelles pages que vous avez cr√©√©es sont stock√©es en base de donn√©es et nous avons v√©rifier leur indexation. Rendez-vous sur l'onglet "Pages" depuis la navigation √† gauche ! üòé
sync/title	Welcome on Foudroyer ‚ö°Ô∏è	Bienvenue sur Foudroyer ‚ö°Ô∏è
sync/description	On this page you can see different statistics, access the indexing status and ask Foudroyer to update the indexing status.	Sur cette page, vous pouvez voir diff√©rentes statistiques, acc√©der √† l'√©tat d'indexation et demander √† Foudroyer de mettre √† jour l‚Äô√©tat d'indexation.
sync/block/title	Synchronize your site with Foudroyer	Synchroniser votre site avec Foudroyer
sync/block/description	 I have not yet set up an automatic system to retrieve the new pages of your sites through the sitemap. For cost reasons, there is also no automation to check the indexing status of the site. If you would like to have an automatic system, feel free to visit the Patreon to contribute and vote for future features of the project.	Je n'ai pas encore instaur√© de syst√®me automatique pour r√©cup√©rer les nouvelles pages de vos sites gr√¢ce au sitemap. Pour des raisons de co√ªt, il n'y a pas non plus d'automatisation pour v√©rifier l'√©tat d'indexation du site. Si vous aimeriez avoir un syst√®me automatique, n'h√©sitez pas √† visiter le Patreon pour contribuer et voter pour les fonctionnalit√©s futures du projet.
sync/block/button/sync	Synchronize	Synchroniser
sync/block/button/patreon	Visit the Patreon	Visiter le Patreon
pages/index-all/button	Index all {number} pages displayed	Indexer les {number} pages affich√©es
sync/block/button/change-sitemap	Update sitemap	Changer le sitemap
coming-soon/builder/title	Build new generation websites	Construisez des sites nouvelles g√©n√©rations
coming-soon/builder/description	We are building the site builder of tomorrow.<br></br> <br></br> üëé No more managing servers and hosting. No more SSL certificate updates. <br></br> üëé No more WordPress plugin updates that break your site. <br></br> üëé No more poor and uncontrollable performance. <br></br> üëé No more major SEO issues that are discovered months too late. <br></br> üëé No more server crashes due to a spike in visitors. No more hacks and security issues. <br></br> <br></br> Focus on the content, the added value, we take care of the rest ü§ù	Nous construisons le cr√©ateur de site de demain.<br></br> <br></br> üëé Fini la gestion des serveurs et de l'h√©bergement. Fini les mises √† jour des certificats SSL. <br></br> üëé Fini les mises √† jour des plugins WordPress qui cassent votre site.<br></br> üëé Fini les performances m√©diocres et incontr√¥lables. <br></br> üëé Fini les probl√®mes de SEO majeur que l'on d√©couvre plusieurs mois trop tard. <br></br> üëé Fini les crashes serveurs √† cause d'un pic de visiteurs. Fini les hack et probl√®mes de s√©curit√©s. <br></br> <br></br> Concentrez-vous sur le contenu, la valeur ajout√©e, on s'occupe du reste ü§ù
coming-soon/ranking/title	Track your positions on search engines	Suivez vos positions sur les moteurs de recherche
coming-soon/ranking/description	You can create sites, index them at lightning speed and finally track your positions!<br></br> <br></br> You can track your own sites, but also the competition. Follow us on Twitter to know more about the progress of the project!<br></br> <br></br> Beta date: end of April 2022<br></br> Expected delivery date: June 2022<br></br> 	Vous pouvez cr√©er des sites, les indexer √† la vitesse lumi√®re et enfin, suivre vos positions !<br></br> <br></br> Vous pouvez suivre vos propres sites, mais √©galement la concurrence. Suivez-nous sur Twitter pour en savoir plus sur l'avancement du projet !<br></br> <br></br> Date de la b√™ta¬†: fin avril 2022<br></br> Date de livraison pr√©vue : juin 2022<br></br> 
tools/title	Select the tool you want to use	S√©lectionnez l'outil que vous souhaitez utiliser
tools/description	We develop all the tools you need to make money on the web. Build your site, index at the speed of light and track your positions.	Nous d√©veloppons tous les outils dont vous avez besoin pour gagner de l'argent sur le web. Construisez votre site, indexez √† la vitesse de la lumi√®re et suivez vos positions.
tools/back	Back	Retour